<?xml version="1.0" encoding="UTF-8"?>
<project-private xmlns="http://www.netbeans.org/ns/project-private/1">
    <editor-bookmarks xmlns="http://www.netbeans.org/ns/editor-bookmarks/2" lastBookmarkId="0"/>
    <open-files xmlns="http://www.netbeans.org/ns/projectui-open-files/2">
        <group>
            <file>file:/C:/Users/Vassilis/Documents/NetBeansProjects/project_0.0.0.1/src/SignIn.java</file>
            <file>file:/C:/Users/Vassilis/Documents/NetBeansProjects/project_0.0.0.1/src/User.java</file>
            <file>file:/C:/Users/Vassilis/Documents/NetBeansProjects/project_0.0.0.1/src/SignInUp.java</file>
            <file>file:/C:/Users/Vassilis/Documents/NetBeansProjects/project_0.0.0.1/src/StartPage.java</file>
            <file>file:/C:/Users/Vassilis/Documents/NetBeansProjects/project_0.0.0.1/src/SignUp.java</file>
        </group>
    </open-files>
</project-private>
